model,split,RMSE_bp,MAE_bp,Dir_Acc
Naive (Δŷ=0),train,3.601,2.568,
Naive (Δŷ=0),cal,3.502,2.631,
Naive (Δŷ=0),val,7.101,5.483,
Naive (Δŷ=0),test,4.647,3.477,
"ARIMA(1, 0, 1)",train,3.598,2.575,0.5149
"ARIMA(1, 0, 1)",cal,3.515,2.641,0.4768
"ARIMA(1, 0, 1)",val,7.112,5.497,0.4569
"ARIMA(1, 0, 1)",test,4.649,3.481,0.4957
"ARIMA(2, 0, 3) (auto)",train,3.59,2.577,0.5211
"ARIMA(2, 0, 3) (auto)",cal,3.508,2.618,0.5274
"ARIMA(2, 0, 3) (auto)",val,7.095,5.479,0.5129
"ARIMA(2, 0, 3) (auto)",test,4.642,3.473,0.5173
